제조업체명,주        소,사료종류,사  료  명,사료용도,사료형태
주식회사 팜스코,전라북도 정읍시 공단1길 31,"배합사료(그밖의동물및수산동물용)",애완육성고양이,애완동물용,익스투루젼
주식회사 팜스코,전라북도 정읍시 공단1길 31,"배합사료(그밖의동물및수산동물용)",애완큰(어른)개,애완동물용,익스투루젼
주식회사 팜스코,전라북도 정읍시 공단1길 31,"배합사료(그밖의동물및수산동물용)",애완육성개,애완동물용,익스투루젼
주식회사 팜스코,전라북도 정읍시 공단1길 31,"배합사료(그밖의동물및수산동물용)",애완큰(어른)개,애완동물용,익스투루젼
주식회사 팜스코,전라북도 정읍시 공단1길 31,"배합사료(그밖의동물및수산동물용)",애완어린개,애완동물용,익스투루젼
주식회사 팜스코,전라북도 정읍시 공단1길 31,"배합사료(그밖의동물및수산동물용)",애완어린개,애완동물용,익스투루젼
주식회사 팜스코,전라북도 정읍시 공단1길 31,"배합사료(그밖의동물및수산동물용)",애완큰(어른)개,애완동물용,익스투루젼
주식회사 팜스코,전라북도 정읍시 공단1길 31,"배합사료(그밖의동물및수산동물용)",애완큰(어른)개,애완동물용,익스투루젼
주식회사 팜스코,전라북도 정읍시 공단1길 31,"배합사료(그밖의동물및수산동물용)",애완큰(어른)개,애완동물용,익스투루젼
주식회사 팜스코,전라북도 정읍시 공단1길 31,"배합사료(그밖의동물및수산동물용)",애완큰(어른)개,애완동물용,익스투루젼
주식회사 팜스코,전라북도 정읍시 공단1길 31,"배합사료(그밖의동물및수산동물용)",애완큰(어른)개,애완동물용,익스투루젼
주식회사 팜스코,전라북도 정읍시 공단1길 31,"배합사료(그밖의동물및수산동물용)",애완육성개,애완동물용,익스투루젼
주식회사 팜스코,전라북도 정읍시 공단1길 31,"배합사료(그밖의동물및수산동물용)",애완어린개,애완동물용,익스투루젼
주식회사 팜스코,전라북도 정읍시 공단1길 31,"배합사료(그밖의동물및수산동물용)",애완어린개,애완동물용,익스투루젼
주식회사 팜스코,전라북도 정읍시 공단1길 31,"배합사료(그밖의동물및수산동물용)",애완큰(어른)개,애완동물용,익스투루젼
주식회사 팜스코,전라북도 정읍시 공단1길 31,"배합사료(그밖의동물및수산동물용)",애완어린개,애완동물용,익스투루젼
주식회사 팜스코,전라북도 정읍시 공단1길 31,"배합사료(그밖의동물및수산동물용)",애완어린개,애완동물용,익스투루젼
주식회사 팜스코,전라북도 정읍시 공단1길 31,"배합사료(그밖의동물및수산동물용)",애완어린개,애완동물용,익스투루젼
주식회사 팜스코,전라북도 정읍시 공단1길 31,"배합사료(그밖의동물및수산동물용)",애완어린개,애완동물용,익스투루젼
주식회사 팜스코,전라북도 정읍시 공단1길 31,"배합사료(그밖의동물및수산동물용)",애완큰(어른)개,애완동물용,익스투루젼
주식회사 팜스코,전라북도 정읍시 공단1길 31,"배합사료(그밖의동물및수산동물용)",애완어린고양이,애완동물용,익스투루젼
주식회사 팜스코,전라북도 정읍시 공단1길 31,"배합사료(그밖의동물및수산동물용)",애완육성개,애완동물용,익스투루젼
주식회사 팜스코,전라북도 정읍시 공단1길 31,"배합사료(그밖의동물및수산동물용)",애완어린개,애완동물용,익스투루젼
주식회사 팜스코,전라북도 정읍시 공단1길 31,"배합사료(그밖의동물및수산동물용)",애완육성개,애완동물용,익스투루젼
주식회사 팜스코,전라북도 정읍시 공단1길 31,"배합사료(그밖의동물및수산동물용)",애완어린고양이,애완동물용,익스투루젼
주식회사 팜스코,전라북도 정읍시 공단1길 31,"배합사료(그밖의동물및수산동물용)",애완육성고양이,애완동물용,익스투루젼
주식회사 팜스코,전라북도 정읍시 공단1길 31,"배합사료(그밖의동물및수산동물용)",애완육성고양이,애완동물용,익스투루젼
주식회사 팜스코,전라북도 정읍시 공단1길 31,"배합사료(그밖의동물및수산동물용)",애완육성고양이,애완동물용,익스투루젼
주식회사 팜스코,전라북도 정읍시 공단1길 31,"배합사료(그밖의동물및수산동물용)",애완육성개,애완동물용,익스투루젼
주식회사 팜스코,전라북도 정읍시 공단1길 31,"배합사료(그밖의동물및수산동물용)",애완육성개,애완동물용,익스투루젼
주식회사 팜스코,전라북도 정읍시 공단1길 31,"배합사료(그밖의동물및수산동물용)",애완육성개,애완동물용,익스투루젼
주식회사 팜스코,전라북도 정읍시 공단1길 31,"배합사료(그밖의동물및수산동물용)",애완육성고양이,애완동물용,익스투루젼
주식회사 팜스코,전라북도 정읍시 공단1길 31,"배합사료(그밖의동물및수산동물용)",애완육성고양이,애완동물용,익스투루젼
주식회사 팜스코,전라북도 정읍시 공단1길 31,"배합사료(그밖의동물및수산동물용)",애완큰(어른)개,애완동물용,익스투루젼
주식회사 팜스코,전라북도 정읍시 공단1길 31,"배합사료(그밖의동물및수산동물용)",애완육성고양이,애완동물용,익스투루젼
