矫档,矫焙备,谰搁悼,悼拱殿废滴荐 
堡林堡开矫,悼备,泵悼,12
堡林堡开矫,悼备,陛悼,54
堡林堡开矫,悼备,巢悼,13
堡林堡开矫,悼备,厘悼,30
堡林堡开矫,悼备,切悼,590
堡林堡开矫,悼备,拌覆悼,734
堡林堡开矫,悼备,堡魂悼,8
堡林堡开矫,悼备,郴巢悼,68
堡林堡开矫,悼备,措狼悼,1
堡林堡开矫,悼备,措牢悼,91
堡林堡开矫,悼备,悼疙悼,195
堡林堡开矫,悼备,阂肺悼,8
堡林堡开矫,悼备,魂荐悼,891
堡林堡开矫,悼备,辑籍悼,74
堡林堡开矫,悼备,急背悼,1
堡林堡开矫,悼备,家怕悼,387
堡林堡开矫,悼备,荐扁悼,34
堡林堡开矫,悼备,侩魂悼,254
堡林堡开矫,悼备,侩楷悼,5
堡林堡开矫,悼备,款覆悼,225
堡林堡开矫,悼备,岿巢悼,138
堡林堡开矫,悼备,瘤魂悼,491
堡林堡开矫,悼备,龋巢悼,8
堡林堡开矫,悼备,炔陛悼,20
堡林堡开矫,悼备,陛巢肺1啊,2
堡林堡开矫,悼备,陛巢肺2啊,3
堡林堡开矫,悼备,陛巢肺3啊,7
堡林堡开矫,悼备,陛巢肺4啊,13
堡林堡开矫,悼备,陛巢肺5啊,16
堡林堡开矫,悼备,面厘肺1啊,1
堡林堡开矫,悼备,面厘肺3啊,4
堡林堡开矫,悼备,面厘肺4啊,31
堡林堡开矫,悼备,面厘肺5啊,19
堡林堡开矫,辑备,剧悼,342
堡林堡开矫,辑备,堡玫悼,377
堡林堡开矫,辑备,陛龋悼,2198
堡林堡开矫,辑备,郴规悼,409
堡林堡开矫,辑备,丑己悼,923
堡林堡开矫,辑备,傣蕊悼,20
堡林堡开矫,辑备,悼玫悼,654
堡林堡开矫,辑备,付袱悼,157
堡林堡开矫,辑备,概岿悼,110
堡林堡开矫,辑备,寒柳悼,30
堡林堡开矫,辑备,辑芒悼,18
堡林堡开矫,辑备,技窍悼,23
堡林堡开矫,辑备,街锰悼,2919
堡林堡开矫,辑备,侩滴悼,40
堡林堡开矫,辑备,蜡锰悼,376
堡林堡开矫,辑备,摹乞悼,1665
堡林堡开矫,辑备,浅鞠悼,1826
堡林堡开矫,辑备,拳沥悼,2597
堡林堡开矫,巢备,备悼,47
堡林堡开矫,巢备,荤悼,66
堡林堡开矫,巢备,辑悼,183
堡林堡开矫,巢备,畴措悼,410
堡林堡开矫,巢备,措瘤悼,3
堡林堡开矫,巢备,傣巢悼,9
堡林堡开矫,巢备,档陛悼,5
堡林堡开矫,巢备,规覆悼,712
堡林堡开矫,巢备,归款悼,822
堡林堡开矫,巢备,豪急悼,1691
堡林堡开矫,巢备,价窍悼,180
堡林堡开矫,巢备,铰锰悼,7
堡林堡开矫,巢备,脚厘悼,3
堡林堡开矫,巢备,拘锰悼,21
堡林堡开矫,巢备,剧苞悼,28
堡林堡开矫,巢备,剧覆悼,276
堡林堡开矫,巢备,剧锰悼,6
堡林堡开矫,巢备,盔魂悼,25
堡林堡开矫,巢备,岿魂悼,1366
堡林堡开矫,巢备,岿己悼,5
堡林堡开矫,巢备,捞厘悼,27
堡林堡开矫,巢备,烙鞠悼,250
堡林堡开矫,巢备,林岿悼,1481
堡林堡开矫,巢备,瘤籍悼,78
堡林堡开矫,巢备,柳岿悼,1254
堡林堡开矫,巢备,磨籍悼,7
堡林堡开矫,巢备,青鞠悼,393
堡林堡开矫,巢备,拳厘悼,13
堡林堡开矫,合备,合悼,58
堡林堡开矫,合备,蜡悼,90
堡林堡开矫,合备,烙悼,389
堡林堡开矫,合备,阿拳悼,562
堡林堡开矫,合备,陛邦悼,13
堡林堡开矫,合备,穿巩悼,28
堡林堡开矫,合备,措锰悼,14
堡林堡开矫,合备,悼覆悼,1057
堡林堡开矫,合备,滴鞠悼,1867
堡林堡开矫,合备,噶岿悼,85
堡林堡开矫,合备,概邦悼,610
堡林堡开矫,合备,巩蕊悼,1727
堡林堡开矫,合备,夯锰悼,405
堡林堡开矫,合备,伙阿悼,691
堡林堡开矫,合备,积侩悼,15
堡林堡开矫,合备,荐邦悼,8
堡林堡开矫,合备,脚救悼,642
堡林堡开矫,合备,脚侩悼,1210
堡林堡开矫,合备,剧魂悼,1098
堡林堡开矫,合备,楷力悼,739
堡林堡开矫,合备,坷锋悼,31
堡林堡开矫,合备,坷摹悼,1359
堡林堡开矫,合备,侩碍悼,5
堡林堡开矫,合备,侩滴悼,384
堡林堡开矫,合备,侩豪悼,1802
堡林堡开矫,合备,侩傈悼,19
堡林堡开矫,合备,快魂悼,538
堡林堡开矫,合备,款鞠悼,2256
堡林堡开矫,合备,款沥悼,26
堡林堡开矫,合备,岿免悼,10
堡林堡开矫,合备,老邦悼,1333
堡林堡开矫,合备,厘殿悼,46
堡林堡开矫,合备,吝蕊悼,812
堡林堡开矫,合备,瘤具悼,21
堡林堡开矫,合备,没浅悼,30
堡林堡开矫,合备,面瓤悼,52
堡林堡开矫,合备,怕飞悼,11
堡林堡开矫,合备,浅氢悼,260
堡林堡开矫,合备,拳鞠悼,3
堡林堡开矫,合备,瓤飞悼,6
堡林堡开矫,堡魂备,急悼,3
堡林堡开矫,堡魂备,脚悼,4
堡林堡开矫,堡魂备,剧悼,2
堡林堡开矫,堡魂备,苛悼,28
堡林堡开矫,堡魂备,侩悼,17
堡林堡开矫,堡魂备,绊锋悼,14
堡林堡开矫,堡魂备,堡魂悼,20
堡林堡开矫,堡魂备,巢魂悼,7
堡林堡开矫,堡魂备,郴魂悼,2
堡林堡开矫,堡魂备,措魂悼,12
堡林堡开矫,堡魂备,档傣悼,8
堡林堡开矫,堡魂备,档魂悼,677
堡林堡开矫,堡魂备,档玫悼,141
堡林堡开矫,堡魂备,悼覆悼,3
堡林堡开矫,堡魂备,悼魂悼,19
堡林堡开矫,堡魂备,悼龋悼,5
堡林堡开矫,堡魂备,滴沥悼,16
堡林堡开矫,堡魂备,殿烙悼,4
堡林堡开矫,堡魂备,疙档悼,9
堡林堡开矫,堡魂备,疙拳悼,5
堡林堡开矫,堡魂备,冠龋悼,6
堡林堡开矫,堡魂备,汗锋悼,10
堡林堡开矫,堡魂备,夯傣悼,10
堡林堡开矫,堡魂备,合魂悼,2
堡林堡开矫,堡魂备,厚酒悼,232
堡林堡开矫,堡魂备,荤龋悼,6
堡林堡开矫,堡魂备,魂阜悼,4
堡林堡开矫,堡魂备,魂荐悼,2
堡林堡开矫,堡魂备,魂岿悼,907
堡林堡开矫,堡魂备,魂沥悼,1076
堡林堡开矫,堡魂备,伙芭悼,1
堡林堡开矫,堡魂备,伙档悼,8
堡林堡开矫,堡魂备,辑豪悼,11
堡林堡开矫,堡魂备,急鞠悼,530
堡林堡开矫,堡魂备,家锰悼,1021
堡林堡开矫,堡魂备,价措悼,6
堡林堡开矫,堡魂备,价魂悼,13
堡林堡开矫,堡魂备,价沥悼,990
堡林堡开矫,堡魂备,价锰悼,8
堡林堡开矫,堡魂备,价摹悼,12
堡林堡开矫,堡魂备,价切悼,9
堡林堡开矫,堡魂备,荐肯悼,1123
堡林堡开矫,堡魂备,脚啊悼,1713
堡林堡开矫,堡魂备,脚锋悼,7
堡林堡开矫,堡魂备,脚芒悼,1701
堡林堡开矫,堡魂备,脚锰悼,268
堡林堡开矫,堡魂备,街鞠悼,518
堡林堡开矫,堡魂备,救没悼,4
堡林堡开矫,堡魂备,剧魂悼,2
堡林堡开矫,堡魂备,楷魂悼,19
堡林堡开矫,堡魂备,坷魂悼,14
堡林堡开矫,堡魂备,坷急悼,32
堡林堡开矫,堡魂备,坷款悼,5
堡林堡开矫,堡魂备,夸扁悼,5
堡林堡开矫,堡魂备,侩邦悼,19
堡林堡开矫,堡魂备,侩豪悼,9
堡林堡开矫,堡魂备,快魂悼,1453
堡林堡开矫,堡魂备,款巢悼,1271
堡林堡开矫,堡魂备,款荐悼,70
堡林堡开矫,堡魂备,岿拌悼,2080
堡林堡开矫,堡魂备,岿邦悼,1259
堡林堡开矫,堡魂备,岿傈悼,43
堡林堡开矫,堡魂备,蜡拌悼,6
堡林堡开矫,堡魂备,烙邦悼,21
堡林堡开矫,堡魂备,厘傣悼,1632
堡林堡开矫,堡魂备,厘废悼,16
堡林堡开矫,堡魂备,厘荐悼,39
堡林堡开矫,堡魂备,瘤魂悼,2
堡林堡开矫,堡魂备,瘤沥悼,4
堡林堡开矫,堡魂备,瘤磷悼,23
堡林堡开矫,堡魂备,瘤乞悼,7
堡林堡开矫,堡魂备,柳邦悼,13
堡林堡开矫,堡魂备,窍巢悼,321
堡林堡开矫,堡魂备,窍魂悼,19
堡林堡开矫,堡魂备,炔锋悼,23
堡林堡开矫,堡魂备,孺籍悼,310
